id;'image_name
1;'Комплект1Ж.jpg'
2;'Комплект2Ж.jpg'
3;'Комплект3Ж.jpg'
4;'Комплект4Ж.jpg'
5;'Комплект5Ж.jpg'
6;'Комплект6Ж.jpg'
7;'Комплект7Ж.jpg'
8;'Комплект8Ж.jpg'
9;'Комплект9Ж.jpg'
10;'Комплект10Ж.jpg'
11;'Комплект11Ж.jpg'
12;'Комплект12Ж.jpg'
13;'Комплект13Ж.jpg'
14;'Комплект14Ж.jpg'
15;'Комплект15Ж.jpg'
16;'Комплект16Ж.jpg'
17;'Комплект17Ж.jpg'
18;'Комплект18Ж.jpg'
19;'Комплект19Ж.jpg'
20;'Комплект20Ж.jpg'
21;'Комплект21Ж.jpg'
22;'Комплект22Ж.jpg'
23;'Комплект23Ж.jpg'
24;'Комплект24Ж.jpg'
25;'Комплект25Ж.jpg'
26;'Комплект26Ж.jpg'
27;'Комплект27Ж.jpg'
28;'Комплект28Ж.jpg'
29;'Комплект29Ж.jpg'
30;'Комплект30Ж.jpg'
31;'Комплект1М.jpg'
32;'Комплект2М.jpg'
33;'Комплект3М.jpg'
34;'Комплект4М.jpg'
35;'Комплект5М.jpg'
36;'Комплект6М.jpg'
37;'Комплект7М.jpg'
38;'Комплект8М.jpg'
39;'Комплект9М.jpg'
40;'Комплект10М.jpg'
41;'Комплект11М.jpg'
42;'Комплект12М.jpg'
43;'Комплект13М.jpg'
44;'Комплект14М.jpg'
45;'Комплект15М.jpg'
46;'Комплект16М.jpg'
47;'Комплект17М.jpg'
48;'Комплект18М.jpg'
49;'Комплект19М.jpg'
50;'Комплект20М.jpg'
51;'Комплект21М.jpg'
52;'Комплект22М.jpg'
53;'Комплект23М.jpg'
54;'Комплект24М.jpg'
55;'Комплект25М.jpg'
56;'Комплект26М.jpg'
