id;description
1;"""S1W.jpg"""
2;"""S2W.jpg"""
3;"""S3W.jpg"""
4;"""S4W.jpg"""
5;"""S5W.jpg"""
6;"""S6W.jpg"""
7;"""S7W.jpg"""
8;"""S8W.jpg"""
9;"""S9W.jpg"""
10;"""S10W.jpg"""
11;"""S11W.jpg"""
12;"""S12W.jpg"""
13;"""S13W.jpg"""
14;"""S14W.jpg"""
15;"""S15W.jpg"""
16;"""S16W.jpg"""
17;"""S17W.jpg"""
18;"""S18W.jpg"""
19;"""S19W.jpg"""
20;"""S20W.jpg"""
21;"""S21W.jpg"""
22;"""S22W.jpg"""
23;"""S23W.jpg"""
24;"""S24W.jpg"""
25;"""S25W.jpg"""
26;"""S26W.jpg"""
27;"""S27W.jpg"""
28;"""S28W.jpg"""
29;"""S29W.jpg"""
30;"""S30W.jpg"""
31;"""S1M.jpg"""
32;"""S2M.jpg"""
33;"""S3M.jpg"""
34;"""S4M.jpg"""
35;"""S5M.jpg"""
36;"""S6M.jpg"""
37;"""S7M.jpg"""
38;"""S8M.jpg"""
39;"""S9M.jpg"""
40;"""S10M.jpg"""
41;"""S11M.jpg"""
42;"""S12M.jpg"""
43;"""S13M.jpg"""
44;"""S14M.jpg"""
45;"""S15M.jpg"""
46;"""S16M.jpg"""
47;"""S17M.jpg"""
48;"""S18M.jpg"""
49;"""S19M.jpg"""
50;"""S20M.jpg"""
51;"""S21M.jpg"""
52;"""S22M.jpg"""
53;"""S23M.jpg"""
54;"""S24M.jpg"""
55;"""S25M.jpg"""
56;"""S26M.jpg"""
